posicao,time,fase_alcancada,pontos,jogos,vitorias,empates,derrotas,gols_pro,gols_contra,amarelos,vermelhos,pontos_casa,jogos_casa,pontos_fora,jogos_fora,saldo,clube
1,Uberlândia,Campeão,43,22,12,7,3,29,15,88,3,19,11,24,11,14,0
2,ASA,Final,39,22,10,9,3,29,14,60,1,22,11,17,11,15,0
3,Gama,Semifinal,43,20,13,4,3,36,15,61,3,26,10,17,10,21,0
4,ABC,Semifinal,41,20,12,5,3,29,13,52,2,22,10,19,10,16,0
5,Goiatuba,Quartas de final,36,20,9,9,2,23,12,55,1,21,10,15,10,11,0
6,CSA,Quartas de final,33,20,9,6,5,35,17,54,1,19,10,14,10,18,0
7,Nacional,Quartas de final,33,20,9,6,5,23,16,54,6,18,10,15,10,7,0
8,São José,Quartas de final,25,20,5,10,5,13,18,62,6,17,10,8,10,-5,0
9,America,Oitavas de final,36,16,11,3,2,27,8,39,3,19,8,17,8,19,0
10,Portuguesa,Oitavas de final,32,16,9,5,2,22,10,48,1,22,8,10,8,12,1
11,Iguatu,Oitavas de final,32,16,8,8,0,24,14,64,5,16,8,16,8,10,0
12,Ferroviário,Oitavas de final,29,16,8,5,3,23,14,44,3,21,8,8,8,9,0
13,Treze,Oitavas de final,27,16,8,3,5,25,19,42,1,17,8,10,8,6,0
14,Luverdense,Oitavas de final,24,16,6,6,4,16,16,54,3,13,8,11,8,0,0
15,Leão do Vale - Cianorte,Oitavas de final,23,16,7,2,7,15,15,53,3,9,8,14,8,0,0
16,São Luiz,Oitavas de final,21,16,5,6,5,17,16,51,3,13,8,8,8,1,0
17,Capital,3ª fase,30,14,9,3,2,22,8,40,1,18,7,12,7,14,0
18,Manauara,3ª fase,29,14,8,5,1,18,8,40,2,12,7,17,7,10,0
19,Guaporé,3ª fase,26,14,7,5,2,23,13,45,5,19,7,7,7,10,0
20,Aguia de Maraba,3ª fase,24,14,7,3,4,25,17,29,1,17,7,7,7,8,0
21,Trem,3ª fase,23,14,7,2,5,24,21,46,3,13,7,10,7,3,0
22,Gazin Porto Velho,3ª fase,23,14,6,5,3,37,13,49,2,14,7,9,7,24,0
23,Serra Branca Esporte Clube,3ª fase,22,14,5,7,2,17,11,35,3,9,7,13,7,6,0
24,XV de Piracicaba,3ª fase,22,14,5,7,2,17,14,31,2,15,7,7,7,3,0
25,Betim Futebol,3ª fase,21,14,6,3,5,15,14,38,2,16,7,5,7,1,0
26,Marcílio Dias,3ª fase,21,14,5,6,3,14,11,29,2,11,7,10,7,3,0
27,CRAC,3ª fase,20,14,5,5,4,10,9,44,8,15,7,5,7,1,0
28,Portuguesa-RJ,3ª fase,19,14,4,7,3,18,12,56,6,9,7,10,7,6,0
29,Imperatriz,3ª fase,18,14,4,6,4,17,15,35,5,12,7,6,7,2,0
30,Velo Clube,3ª fase,18,14,4,6,4,14,14,37,4,15,7,3,7,0,0
31,Ivinhema Futebol Clube,3ª fase,17,14,4,5,5,14,20,37,2,11,7,6,7,-6,0
32,Maguary,3ª fase,16,14,4,4,6,13,11,40,4,13,7,3,7,2,0
33,Santa Catarina Clube,2ª fase,21,12,6,3,3,17,11,40,2,16,6,5,6,6,0
34,Blumenau,2ª fase,21,12,6,3,3,16,10,36,4,8,6,13,6,6,0
35,Maracana,2ª fase,21,12,5,6,1,13,7,35,3,12,6,9,6,6,0
36,Piauí,2ª fase,20,12,6,2,4,15,13,36,2,11,6,9,6,2,0
37,Araguaina Futebol E Regatas,2ª fase,19,12,5,4,3,31,10,36,2,9,6,10,6,21,0
38,Água Santa,2ª fase,19,12,5,4,3,17,9,37,1,13,6,6,6,8,0
39,Vitoria,2ª fase,18,12,5,3,4,13,10,29,6,10,6,8,6,3,0
40,EC Democrata,2ª fase,18,12,5,3,4,15,13,39,2,16,6,2,6,2,0
41,Tombense,2ª fase,18,12,4,6,2,13,7,30,2,10,6,8,6,6,0
42,Juazeirense,2ª fase,17,12,5,2,5,12,12,37,1,10,6,7,6,0,0
43,Parnahyba,2ª fase,17,12,5,2,5,13,16,42,1,12,6,5,6,-3,0
44,Independência,2ª fase,16,12,4,4,4,18,13,34,1,11,6,5,6,5,0
45,Sampaio Corrêa,2ª fase,16,12,4,4,4,14,9,29,3,8,6,8,6,5,0
46,Cascavel,2ª fase,16,12,4,4,4,12,8,34,0,11,6,5,6,4,0
47,Noroeste,2ª fase,16,12,4,4,4,14,11,42,2,11,6,5,6,3,0
48,Sergipe,2ª fase,16,12,4,4,4,16,15,49,3,10,6,6,6,1,0
49,Sãojoseense,2ª fase,16,12,4,4,4,4,5,31,1,8,6,8,6,-1,0
50,São Raimundo,2ª fase,15,12,3,6,3,12,9,22,3,6,6,9,6,3,0
51,Brasiliense,2ª fase,15,12,3,6,3,11,11,35,3,8,6,7,6,0,0
52,Rio Branco,2ª fase,14,12,3,5,4,16,16,44,4,8,6,6,6,0,0
53,Fluminense,2ª fase,14,12,3,5,4,12,13,32,3,6,6,8,6,-1,0
54,Central de Caruaru,2ª fase,14,12,3,5,4,9,10,30,0,8,6,6,6,-1,0
55,Lagarto,2ª fase,14,12,3,5,4,15,18,36,1,8,6,6,6,-3,0
56,Aparecidense,2ª fase,14,12,3,5,4,14,17,33,2,8,6,6,6,-3,0
57,Tuna Luso,2ª fase,14,12,3,5,4,16,20,49,4,10,6,4,6,-4,0
58,Jacuipense,2ª fase,14,12,3,5,4,13,17,28,2,8,6,6,6,-4,0
59,Ceilândia,2ª fase,13,12,3,4,5,11,13,37,0,5,6,8,6,-2,0
60,Sampaio Corrêa-RJ,2ª fase,13,12,3,4,5,9,12,30,8,12,6,1,6,-3,0
61,Monte Roraima,2ª fase,13,12,3,4,5,14,18,37,2,6,6,7,6,-4,0
62,America-RJ,2ª fase,13,12,3,4,5,12,24,44,2,9,6,4,6,-12,0
63,Altos,2ª fase,12,12,3,3,6,10,17,31,2,9,6,3,6,-7,0
64,Mixto,2ª fase,12,12,2,6,4,11,12,34,2,7,6,5,6,-1,0
65,Joinville,1ª fase,15,10,4,3,3,10,8,33,0,11,5,4,5,2,0
66,Tocantinopolis,1ª fase,12,10,3,3,4,18,18,32,3,8,5,4,5,0,0
67,Abecat,1ª fase,12,10,3,3,4,8,9,33,7,7,5,5,5,-1,0
68,Retrô,1ª fase,12,10,3,3,4,13,15,39,2,8,5,4,5,-2,0
69,Primavera Atlético Clube,1ª fase,12,10,3,3,4,10,13,30,1,6,5,6,5,-3,0
70,Nova Iguaçu,1ª fase,12,10,3,3,4,7,10,32,1,10,5,2,5,-3,0
71,Madureira,1ª fase,11,10,3,2,5,11,16,31,2,10,5,1,5,-5,0
72,Maricá,1ª fase,11,10,3,2,5,9,14,27,1,7,5,4,5,-5,0
73,Sousa,1ª fase,10,10,3,1,6,4,11,32,4,7,5,3,5,-7,0
74,Porto Sport Club,1ª fase,10,10,3,1,6,9,21,44,2,7,5,3,5,-12,0
75,Galvez,1ª fase,10,10,3,1,6,14,31,23,1,7,5,3,5,-17,0
76,Tirol -,1ª fase,10,10,2,4,4,10,10,28,2,6,5,4,5,0,0
77,Gremio Esportivo Brasil,1ª fase,10,10,2,4,4,9,12,29,2,7,5,3,5,-3,0
78,Manaus,1ª fase,10,10,2,4,4,8,13,32,2,5,5,5,5,-5,0
79,Operário,1ª fase,9,10,2,3,5,9,12,34,2,8,5,1,5,-3,0
80,Azuriz,1ª fase,9,10,2,3,5,7,11,26,6,3,5,6,5,-4,0
81,União,1ª fase,9,10,2,3,5,11,18,35,2,5,5,4,5,-7,0
82,CSE,1ª fase,9,10,2,3,5,10,17,26,2,4,5,5,5,-7,0
83,Moto Club,1ª fase,9,10,2,3,5,8,15,33,1,6,5,3,5,-7,0
84,Decisão,1ª fase,8,10,2,2,6,10,17,37,0,8,5,0,5,-7,0
85,Real Noroeste Capixaba,1ª fase,8,10,1,5,4,6,11,40,4,3,5,5,5,-5,0
86,Pouso Alegre,1ª fase,7,10,2,1,7,6,14,28,0,6,5,1,5,-8,0
87,Fc Atlético Cearense,1ª fase,7,10,1,4,5,6,14,24,2,2,5,5,5,-8,0
88,Sampaio,1ª fase,5,10,1,2,7,8,17,22,0,3,5,2,5,-9,0
89,Operário,1ª fase,5,10,1,2,7,7,16,36,4,1,5,4,5,-9,0
90,Atlético de Alagoinhas,1ª fase,5,10,1,2,7,5,20,31,1,3,5,2,5,-15,0
91,Guarany,1ª fase,4,10,1,1,8,2,18,33,6,4,5,0,5,-16,0
92,Oratório,1ª fase,4,10,1,1,8,12,29,29,1,4,5,0,5,-17,0
93,Iape,1ª fase,4,10,0,4,6,10,20,34,6,2,5,2,5,-10,0
94,Laguna,1ª fase,2,10,0,2,8,3,20,35,4,2,5,0,5,-17,0
95,Inhumas,1ª fase,1,10,0,1,9,3,20,35,0,1,5,0,5,-17,0
96,Humaitá,1ª fase,0,10,0,0,10,4,50,17,1,0,5,0,5,-46,0
