id_jogo,data,hora,status,etapa,fase,grupo,rodada,adversario,mando,gols_clube,gols_adversario,resultado,gols_1t_clube,gols_1t_adversario,gols_2t_clube,gols_2t_adversario,resultado_intervalo,penaltis_clube,penaltis_adversario,estadio,cidade,uf,arbitro,sumula_url,boletim_url,amarelos_clube,vermelhos_clube,amarelos_adversario,vermelhos_adversario,publico,renda_bruta,renda_liquida,latitude,longitude
833757,2026-04-04,19:00,finished,Grupos,1ª fase,A13,R1,Portuguesa-RJ,Fora,1,1,E,1,1,0,0,E,,,Luso Brasileiro,Rio de Janeiro,RJ,Jailton Moura Silva Filho (BA),https://conteudo.cbf.com.br/sumulas/2026/54237se.pdf,https://conteudo.cbf.com.br/sumulas/2026/54237b.pdf,4,0,3,0,,,,-22.91101,-43.20937
833827,2026-04-11,19:00,finished,Grupos,1ª fase,A13,R2,Pouso Alegre,Casa,3,0,V,1,0,2,0,V,,,Canindé,Sao Paulo,SP,Tarcisio Nascimento Matos (TO),https://conteudo.cbf.com.br/sumulas/2026/54286se.pdf,https://conteudo.cbf.com.br/sumulas/2026/54286b.pdf,4,0,3,0,,,,-23.55065,-46.63338
833886,2026-04-18,15:00,finished,Grupos,1ª fase,A13,R3,America-RJ,Fora,1,1,E,1,0,0,1,V,,,Giulite Coutinho,Mesquita,RJ,Bruno Nogueira Prado (BA),https://conteudo.cbf.com.br/sumulas/2026/542133se.pdf,https://conteudo.cbf.com.br/sumulas/2026/542133b.pdf,2,0,2,0,,,,-22.80253,-43.46026
833950,2026-04-25,16:00,finished,Grupos,1ª fase,A13,R4,Água Santa,Fora,1,0,V,1,0,0,0,V,,,Jardim Inamar,Diadema,SP,Murilo Ugolini Klein (PR),https://conteudo.cbf.com.br/sumulas/2026/542181se.pdf,https://conteudo.cbf.com.br/sumulas/2026/542181b.pdf,6,0,4,0,,,,-23.68664,-46.62469
833999,2026-05-02,19:00,finished,Grupos,1ª fase,A13,R5,Madureira,Casa,2,1,V,2,0,0,1,V,,,Canindé,Sao Paulo,SP,Fabio Augusto Santos Sa Junior (SE),https://conteudo.cbf.com.br/sumulas/2026/542230se.pdf,https://conteudo.cbf.com.br/sumulas/2026/542230b.pdf,2,0,4,1,,,,-23.55065,-46.63338
834195,2026-05-09,16:00,finished,Grupos,1ª fase,A13,R6,Madureira,Fora,0,1,D,0,0,0,1,E,,,Aniceto Moscoso,Rio de Janeiro,RJ,Ivan da Silva Guimaraes Junior (AM),https://conteudo.cbf.com.br/sumulas/2026/542278se.pdf,https://conteudo.cbf.com.br/sumulas/2026/542278b.pdf,1,0,0,0,,,,-22.91101,-43.20937
834242,2026-05-16,16:00,finished,Grupos,1ª fase,A13,R7,Água Santa,Casa,0,0,E,0,0,0,0,E,,,Canindé,Sao Paulo,SP,Charly Wendy Straub Deretti (SC),https://conteudo.cbf.com.br/sumulas/2026/542325se.pdf,https://conteudo.cbf.com.br/sumulas/2026/542325b.pdf,0,0,5,0,,,,-23.55065,-46.63338
834291,2026-05-23,16:00,finished,Grupos,1ª fase,A13,R8,America-RJ,Casa,4,1,V,2,1,2,0,V,,,Canindé,Sao Paulo,SP,Marcio dos Santos Oliveira (AL),https://conteudo.cbf.com.br/sumulas/2026/542373se.pdf,https://conteudo.cbf.com.br/sumulas/2026/542373b.pdf,3,0,2,0,,,,-23.55065,-46.63338
834340,2026-05-30,16:00,finished,Grupos,1ª fase,A13,R9,Pouso Alegre,Fora,2,1,V,0,1,2,0,D,,,Manduzão,Pouso Alegre,MG,Wiomar Santana de Oliveira (AL),https://conteudo.cbf.com.br/sumulas/2026/542422se.pdf,https://conteudo.cbf.com.br/sumulas/2026/542422b.pdf,3,0,2,0,,,,-22.23439,-45.93272
834770,2026-06-06,15:00,finished,Grupos,1ª fase,A13,R10,Portuguesa-RJ,Casa,2,0,V,0,0,2,0,E,,,Canindé,Sao Paulo,SP,Jackson Ribeiro de Souza Sobrinho (SE),https://conteudo.cbf.com.br/sumulas/2026/542469se.pdf,https://conteudo.cbf.com.br/sumulas/2026/542469b.pdf,3,0,6,1,,,,-23.55065,-46.63338
834911,2026-06-20,17:00,finished,Mata-mata,2ª fase,B25,Ida,Sampaio Corrêa-RJ,Fora,1,1,E,0,0,1,1,E,,,Lourival Gomes,Saquarema,RJ,Emerson Souza Silva (BA),https://conteudo.cbf.com.br/sumulas/2026/542505se.pdf,https://conteudo.cbf.com.br/sumulas/2026/542505b.pdf,5,0,1,0,,,,-22.87118,-42.52499
834943,2026-06-27,16:00,finished,Mata-mata,2ª fase,B25,Volta,Sampaio Corrêa-RJ,Casa,1,0,V,0,0,1,0,E,,,Canindé,Sao Paulo,SP,Felipe Fernandes de Lima (MG),https://conteudo.cbf.com.br/sumulas/2026/542537se.pdf,https://conteudo.cbf.com.br/sumulas/2026/542537b.pdf,2,0,2,0,,,,-23.55065,-46.63338
834973,2026-07-04,18:00,finished,Mata-mata,3ª fase,C13,Ida,Marcílio Dias,Fora,1,1,E,1,1,0,0,E,,,Hercílio Luz,Itajai,SC,Paulo Roberto Alves Junior (PR),https://conteudo.cbf.com.br/sumulas/2026/542557se.pdf,https://conteudo.cbf.com.br/sumulas/2026/542557b.pdf,6,0,3,0,,,,-26.90468,-48.6553
834989,2026-07-11,16:00,finished,Mata-mata,3ª fase,C13,Volta,Marcílio Dias,Casa,2,0,V,1,0,1,0,V,,,Canindé,Sao Paulo,SP,Wagner Silveira Echevarria (RS),https://conteudo.cbf.com.br/sumulas/2026/542573se.pdf,https://conteudo.cbf.com.br/sumulas/2026/542573b.pdf,2,0,2,1,,,,-23.55065,-46.63338
835063,2026-07-18,17:00,finished,Mata-mata,Oitavas de final,D06,Ida,Uberlândia,Fora,0,2,D,0,1,0,1,D,,,Parque do Sabiá,Uberlandia,MG,Julio Cesar Pfleger (SC),https://conteudo.cbf.com.br/sumulas/2026/542582se.pdf,https://conteudo.cbf.com.br/sumulas/2026/542582b.pdf,3,1,3,0,,,,-18.9188,-48.27678
835071,2026-07-25,16:00,finished,Mata-mata,Oitavas de final,D06,Volta,Uberlândia,Casa,1,0,V,0,0,1,0,E,,,Canindé,Sao Paulo,SP,Wagner do Nascimento Magalhaes (RJ),https://conteudo.cbf.com.br/sumulas/2026/542590se.pdf,https://conteudo.cbf.com.br/sumulas/2026/542590b.pdf,2,0,1,1,,,,-23.55065,-46.63338
